,id,title,year
0,174430,gloomhaven,2017
1,161936,pandemic_legacy_season_1,2015
2,224517,brass_birmingham,2018
3,167791,terraforming_mars,2016
4,291457,gloomhaven_jaws_lion,2020
5,233078,twilight_imperium_fourth_edition,2017
6,220308,gaia_project,2017
7,187645,star_wars_rebellion,2016
8,182028,through_ages_new_story_civilization,2015
9,193738,great_western_trail,2016
10,162886,spirit_island,2017
11,115746,war_ring_second_edition,2012
12,12333,twilight_struggle,2005
13,169786,scythe,2016
14,84876,castles_burgundy,2011
15,173346,7_wonders_duel,2015
16,120677,terra_mystica,2012
17,124361,concordia,2013
18,28720,brass_lancashire,2007
19,266192,wingspan,2019
20,167355,nemesis,2018
21,177736,feast_odin,2016
22,205637,arkham_horror_card_game,2016
23,183394,viticulture_essential_edition,2015
24,164928,orleans,2014
25,96848,mage_knight_board_game,2011
26,237182,root,2018
27,199792,everdell,2018
28,3076,puerto_rico,2002
29,102794,caverna_cave_farmers,2013
30,175914,food_chain_magnate,2015
31,31260,agricola,2007
32,170216,blood_rage,2015
33,316554,dune_imperium,2020
34,205059,mansions_madness_second_edition,2016
35,221107,pandemic_legacy_season_2,2017
36,276025,maracaibo,2019
37,285774,marvel_champions_card_game,2019
38,180263,7th_continent,2017
39,192135,too_many_bones,2017
40,284083,crew_quest_planet_nine,2019
41,266507,clank_legacy_acquisitions_incorporated,2019
42,247763,underwater_cities,2018
43,55690,kingdom_death_monster,2015
44,126163,tzolk_mayan_calendar,2012
45,2651,power_grid,2004
46,185343,anachrony,2017
47,209010,mechs_vs_minions,2016
48,251247,barrage,2019
49,216132,clans_caledonia,2017
50,164153,star_wars_imperial_assault,2014
51,35677,le_havre,2008
52,312484,lost_ruins_arnak,2020
53,230802,azul,2017
54,184267,mars,2020
55,72125,eclipse,2011
56,25613,through_ages_story_civilization,2006
57,125153,gallerist,2015
58,256960,pax_pamir_second_edition,2019
59,124742,android_netrunner,2012
60,191189,aeons_end,2016
61,161533,lisboa,2017
62,121921,robinson_crusoe_adventures_cursed_island,2012
63,246900,eclipse_second_dawn_galaxy,2020
64,244521,quacks_quedlinburg,2018
65,521,crokinole,1876
66,159675,fields_arle,2014
67,171623,voyages_marco_polo,2015
68,28143,race_galaxy,2007
69,266810,paladins_west_kingdom,2019
70,229853,teotihuacan_city_gods,2018
71,201808,clank_deck_building_adventure,2016
72,68448,7_wonders,2010
73,157354,five_tribes,2014
74,62219,dominant_species,2010
75,110327,lords_waterdeep,2012
76,200680,agricola_revised_edition,2016
77,122515,keyflower,2012
78,264220,tainted_grail_fall_avalon,2019
79,236457,architects_west_kingdom,2018
80,182874,grand_austria_hotel,2015
81,18602,caylus,2005
82,93,el_grande,1995
83,12493,twilight_imperium_third_edition,2005
84,37111,battlestar_galactica_board_game,2008
85,146021,eldritch_horror,2013
86,73439,troyes,2010
87,172386,mombasa,2015
88,40834,dominion_intrigue,2009
89,205896,rising_sun,2018
90,269385,lord_rings_journeys_middle_earth,2019
91,170042,raiders_north_sea,2015
92,163412,patchwork,2014
93,144733,russian_railroads,2013
94,42,tigris_euphrates,1997
95,203993,lorenzo_il_magnifico,2016
96,281259,isle_cats,2019
97,178900,codenames,2015
98,102680,trajan,2011
99,132531,roll_galaxy,2014
100,225694,decrypto,2018
101,36218,dominion,2008
102,2511,sherlock_holmes_consulting_detective_thames_murder,1982
103,30549,pandemic,2008
104,155821,inis,2016
105,198928,pandemic_iberia,2016
106,172287,champions_midgard,2015
107,196340,yokohama,2016
108,233371,clank_space_deck_building_adventure,2017
109,127023,kemet,2012
110,175155,forbidden_stars,2015
111,266524,parks,2019
112,175640,vinhos_deluxe_edition,2016
113,263918,cartographers,2019
114,161970,alchemists,2014
115,146652,legendary_encounters_alien_deck_building_game,2014
116,218417,aeons_end_war_eternal,2017
117,103885,star_wars_x_wing_miniatures_game,2012
118,34635,stone_age,2008
119,233398,endeavor_age_sail,2018
120,262712,res_arcana,2019
121,147020,star_realms,2014
122,4098,age_steam,2002
123,163068,trickerion_legends_illusion,2015
124,118048,targi,2012
125,104162,descent_journeys_dark_second_edition,2012
126,14996,ticket_ride_europe,2005
127,148949,istanbul,2014
128,233867,welcome,2018
129,314040,pandemic_legacy_season_0,2020
130,43111,chaos_old_world,2009
131,150376,dead_winter_crossroads_game,2014
132,271324,its_wonderful_world,2019
133,274364,watergate,2019
134,9609,war_ring,2004
135,43015,hansa_teutonica,2009
136,244522,s_pretty_clever,2018
137,77423,lord_rings_card_game,2011
138,253344,cthulhu_death_may_die,2019
139,287954,azul_summer_pavilion,2019
140,54043,jaipur,2009
141,17133,railways_world,2005
142,128882,resistance_avalon,2012
143,221194,dinosaur_island,2017
144,82222,xia_legends_drift_system,2014
145,103343,game_thrones_board_game_second_edition,2011
146,155426,castles_mad_king_ludwig,2014
147,10630,memoir_44,2004
148,70149,ora_et_labora,2011
149,220877,rajas_ganges,2017
150,188920,war_mine_board_game,2017
151,217372,quest_el_dorado,2017
152,39463,cosmic_encounter,2008
153,14105,commands_colors_ancients,2006
154,199561,sagrada,2017
155,463,magic_gathering,1993
156,254640,just_one,2018
157,239188,chronicles_crime,2018
158,223321,detective_modern_crime_board_game,2018
159,123260,suburbia,2012
160,195421,near_and_far,2017
161,31627,ticket_ride_nordic_countries,2007
162,25021,sekigahara_unification_japan,2011
163,126042,nations,2013
164,21050,combat_commander_europe,2006
165,104006,village,2011
166,146508,time_stories,2015
167,171131,captain_sonar,2016
168,91,paths_glory,1999
169,283948,marco_polo_ii_service_khan,2019
170,224037,codenames_duet,2017
171,282524,horrified,2019
172,245638,coimbra,2018
173,182631,star_realms_colony_wars,2015
174,148228,splendor,2014
175,188,go,2200
176,146886,la_granja,2014
177,215,tichu,1991
178,9209,ticket_ride,2004
179,194655,santorini,2016
180,12,ra,1999
181,296151,viscounts_west_kingdom,2020
182,822,carcassonne,2000
183,109276,kanban_drivers_edition,2014
184,176189,zombicide_black_plague,2015
185,129437,legendary_marvel_deck_building_game,2012
186,54998,cyclades,2009
187,189932,tyrants_underdark,2016
188,9216,goa,2004
189,256916,concordia_venus,2018
190,555,princes_florence,2000
191,188834,secret_hitler,2016
192,7854,yinsh,2003
193,283155,calico,2020
194,155068,arcadia_quest,2014
195,192291,sushi_go_party,2016
196,169426,roll_player,2016
197,156129,deception_murder_hong_kong,2014
198,128621,viticulture,2013
199,232832,century_golem_edition,2017
200,242302,space_base,2018
201,265188,glen_more_ii_chronicles,2019
202,31481,galaxy_trucker,2007
203,27833,steam,2009
204,421,1830_railways_robber_barons,1986
205,20551,shogun,2006
206,199478,flamme_rouge,2016
207,176494,isle_skye_chieftain_king,2015
208,198994,hero_realms,2016
209,158600,hanamikoji,2013
210,268864,undaunted_normandy,2019
211,19857,glory_rome,2005
212,140620,lewis_clark_expedition,2013
213,27708,1960_making_president,2007
214,249259,war_chest,2018
215,228341,pulsar_2849,2017
216,284378,kanban_ev,2020
217,127060,bora_bora,2013
218,155873,power_grid_deluxe_europenorth_america,2014
219,209418,dominion_second_edition,2016
220,3,samurai,1998
221,118,modern_art,1992
222,24181,imperial,2006
223,108745,seasons,2012
224,97207,dungeon_petz,2011
225,92828,dixit_odyssey,2011
226,204583,kingdomino,2016
227,154203,imperial_settlers,2014
228,241451,aeons_end_legacy,2019
229,22545,age_empires_iii_age_discovery,2007
230,144344,rococo,2013
231,181279,fury_dracula_thirdfourth_edition,2015
232,38453,space_alert,2008
233,308765,praga_caput_regni,2020
234,760,battle_line,2000
235,222509,lords_hellas,2018
236,269207,taverns_tiefenthal,2019
237,286096,tapestry,2019
238,176734,manhattan_project_energy_empire,2016
239,193037,dead_winter_long_night,2016
240,66589,navegador,2010
241,93260,summoner_wars_master_set,2011
242,203420,exit_game_abandoned_cabin,2016
243,59294,runewars,2010
244,19777,indonesia,2005
245,224783,vindication,2018
246,232405,western_legends,2018
247,283355,dune,2019
248,48726,alien_frontiers,2010
249,206718,ethnos,2017
250,54138,imperial_2030,2009
251,2655,hive,2000
252,146439,battlelore_second_edition,2013
253,13122,antiquity,2004
254,172081,burgle_bros,2015
255,160477,onitama,2014
256,271896,star_wars_outer_rim,2019
257,165722,klask,2014
258,234,hannibal_rome_vs_carthage,1996
259,139976,cthulhu_wars,2015
260,209685,century_spice_road,2017
261,187617,nemos_war_second_edition,2017
262,101721,mage_wars_arena,2012
263,271055,dwellings_eldervale,2020
264,46213,telestrations,2009
265,40692,small_world,2009
266,172818,above_and_below,2015
267,45315,dungeon_lords,2009
268,140934,arboretum,2015
269,317985,beyond_sun,2020
270,246784,cryptid,2018
271,136888,bruges,2013
272,181304,mysterium,2015
273,77130,sid_meiers_civilization_board_game,2010
274,54,tikal,1999
275,163967,tiny_epic_galaxies,2015
276,227789,heaven_ale,2017
277,59959,letters_whitechapel,2011
278,25292,merchants_marauders,2010
279,235802,too_many_bones_undertow,2018
280,5,acquire,1964
281,41114,resistance,2009
282,143693,glass_road,2013
283,176920,mission_red_planet_second_edition,2015
284,37046,ghost_stories,2008
285,163745,star_wars_armada,2015
286,129622,love_letter,2012
287,39856,dixit,2008
288,21241,neuroshima_hex_30,2006
289,70919,takenoko,2011
290,2653,survive_escape_atlantis,1982
291,119890,agricola_all_creatures_big_and_small,2012
292,17392,here_i_stand,2006
293,182134,evolution_climate,2016
294,234487,altiplano,2017
295,219513,barenpark,2017
296,306735,under_falling_skies,2020
297,199042,harry_potter_hogwarts_battle,2016
298,192458,51st_state_master_set,2016
299,1,die_macher,1986
300,8217,san_juan,2004
301,257499,arkham_horror_third_edition,2018
302,25554,notre_dame,2007
303,172,sale,1997
304,184921,bunny_kingdom,2017
305,39683,gates_loyang,2009
306,24480,pillars_earth,2006
307,33160,endeavor,2009
308,186751,mythic_battles_pantheon,2017
309,90137,blood_bowl_team_manager_card_game,2011
310,31594,year_dragon,2007
311,250458,gugng,2018
312,144592,bruxelles_1893,2013
313,9217,saint_petersburg,2004
314,318977,micromacro_crime_city,2020
315,204305,sherlock_holmes_consulting_detective_jack_ripper_w,2016
316,274637,unmatched_battle_legends_volume_one,2019
317,255984,sleeping_gods,2021
318,293014,nidavellir,2020
319,246192,gizmos,2018
320,36932,claustrophobia,2009
321,21348,ticket_ride_marklin,2006
322,40765,clash_cultures,2012
323,50,lost_cities,1999
324,170771,sword_sorcery,2017
325,154809,nippon,2015
326,256226,azul_stained_glass_sintra,2018
327,265736,tiny_towns,2019
328,70323,king_tokyo,2011
329,71,civilization,1980
330,121,dune,1979
331,54625,space_hulk_third_edition,2009
332,166669,san_juan_second_edition,2014
333,243,advanced_squad_leader,1985
334,198773,codenames_pictures,2016
335,63888,innovation,2010
336,223040,fantasy_realms,2017
337,231733,obsession,2018
338,234277,nusfjord,2017
339,124708,mice_and_mystics,2012
340,156546,monikers,2015
341,195539,godfather_corleones_empire,2017
342,236191,london_second_edition,2017
343,197376,charterstone,2017
344,260605,camel_second_edition,2018
345,15987,arkham_horror,2005
346,63628,manhattan_project,2012
347,55670,macao,2009
348,302723,forgotten_waters,2020
349,194594,dice_forge,2017
350,245934,carpe_diem,2018
351,230253,star_realms_frontiers,2018
352,155987,abyss,2014
353,40354,maria,2009
354,66188,fresco,2010
355,260428,pandemic_fall_rome,2018
356,161614,stockpile,2015
357,15985,blood_bowl_living_rulebook,2004
358,244711,newton,2018
359,188866,awkward_guests,2016
360,229220,santa_maria,2017
361,138161,firefly_game,2013
362,297030,tekhenu_obelisk_sun,2020
363,295486,my_city,2020
364,151347,millennium_blades,2016
365,100901,flash_point_fire_rescue,2011
366,128271,ginkgopolis,2012
367,215341,thunderstone_quest,2018
368,79828,few_acres_snow,2011
369,269210,twice_clever,2019
370,244271,dice_throne_season_two_battle_chest,2018
371,215311,downforce,2017
372,96913,lancaster,2011
373,47,chinatown,1999
374,128671,spartacus_game_blood_and_treachery,2012
375,66362,glen_more,2010
376,176396,quadropolis,2016
377,27162,kingsburg,2007
378,11170,heroscape_master_set_rise_valkyrie,2004
379,111341,great_zimbabwe,2012
380,274960,point_salad,2019
381,105134,risk_legacy,2011
382,25417,battlelore,2006
383,137408,amerigo,2013
384,270633,aeons_end_new_age,2019
385,34219,biblios,2007
386,150658,pandemic_cure,2014
387,18833,lord_rings_confrontation,2005
388,192153,pandemic_reign_cthulhu,2016
389,62222,commands_colors_napoleonics,2010
390,92415,skull,2011
391,5404,amun_re,2003
392,270844,imperial_settlers_empires_north,2019
393,157969,sheriff_nottingham,2014
394,128996,1775_rebellion,2013
395,146791,shadows_brimstone_city_ancients,2014
396,712,blood_bowl_third_edition,1994
397,17226,descent_journeys_dark,2005
398,83330,mansions_madness,2011
399,123123,battlecon_devastation_indines,2013
400,150,pitchcar,1995
401,136063,forbidden_desert,2013
402,372,schotten_totten,1999
403,177639,raptor,2015
404,62227,labyrinth_war_terror_2001,2010
405,194607,mystic_vale,2016
406,95527,madeira,2013
407,300322,hallertau,2020
408,251658,sprawlopolis,2018
409,162082,deus,2014
410,158899,colt_express,2014
411,98778,hanabi,2010
412,233312,stuffed_fables,2018
413,13,catan,1995
414,65781,london,2010
415,105551,archipelago,2012
416,119506,freedom_underground_railroad,2012
417,127398,legends_andor,2012
418,256730,pipeline,2019
419,478,citadels,2000
420,15062,shadows_over_camelot,2005
421,206941,first_class_all_aboard_orient_express,2016
422,97786,small_world_underground,2011
423,304420,bonfire,2020
424,144189,fire_lake,2014
425,20437,lords_vegas,2010
426,279537,search_planet_x,2020
427,43570,friday,2011
428,171668,grizzled,2015
429,133848,euphoria_build_better_dystopia,2013
430,262543,wavelength,2019
431,221965,fox_forest,2017
432,875,roads_boats,1999
433,193042,junk_art,2016
434,191862,imhotep,2016
435,102652,sentinels_multiverse,2011
436,240196,betrayal_legacy,2018
437,147949,one_night_ultimate_werewolf,2014
438,58421,egizia,2009
439,226522,exit_game_dead_man_orient_express,2017
440,36553,times_title_recall,2008
441,171,chess,1475
442,125618,libertalia,2012
443,21790,thurn_and_taxis,2006
444,90419,airlines_europe,2011
445,205398,citadels,2016
446,144797,argent_consortium,2015
447,9674,ingenious,2004
448,142379,escape_plan,2019
449,31999,tzaar,2007
450,232043,queendomino,2017
451,163968,elysium,2015
452,156858,black_orchestra,2016
453,42052,vinhos,2010
454,180974,potion_explosion,2015
455,192836,colonists,2016
456,27173,vikings,2007
457,34119,tales_arabian_nights,2009
458,18,roborally,1994
459,218603,photosynthesis,2017
460,133473,sushi_go,2013
461,11,bohnanza,1997
462,12942,no_thanks,2004
463,245654,railroad_ink_deep_blue_edition,2018
464,133038,pathfinder_adventure_card_game_rise_runelords_base,2013
465,97842,last_will,2011
466,156009,port_royal,2014
467,17405,1846_race_midwest,2005
468,475,taj_mahal,2000
469,181530,runebound_third_edition,2015
470,183562,star_wars_x_wing_miniatures_game_force_awakens_cor,2015
471,22827,starcraft_board_game,2007
472,183251,karuba,2015
473,262215,blackout_hong_kong,2018
474,31730,chicago_express,2007
475,27746,colosseum,2007
476,3685,hammer_scots,2002
477,128780,pax_porfiriana,2012
478,141572,paperback,2014
479,257501,keyforge_call_archons,2018
480,202426,sidereal_confluence,2017
481,15363,nexus_ops,2005
482,269144,hadara,2019
483,6249,alhambra,2003
484,151022,baseball_highlights_2045,2015
485,245655,kings_dilemma,2019
486,91312,discworld_ankh_morpork,2011
487,159508,aquasphere,2014
488,2346,dvonn,2001
489,155703,evolution,2014
490,212445,blood_bowl_2016_edition,2016
491,246684,smartphone_inc,2018
492,39351,automobile,2009
493,160010,conan,2016
494,232414,oceans,2020
495,6472,game_thrones,2003
496,153938,camel,2014
497,140603,francis_drake,2013
498,196326,love_letter_premium,2016
499,84419,space_empires_4x,2011
500,39938,carson_city,2009
501,205359,star_wars_destiny,2016
502,169255,game_thrones_card_game_second_edition,2015
503,294484,unmatched_cobble_fog,2020
504,172308,broom_service,2015
505,42776,gears_war_board_game,2011
506,113924,zombicide,2012
507,298047,marvel_united,2020
508,42215,tobago,2009
509,300531,paleo,2020
510,9625,struggle_empires,2004
511,4390,carcassonne_hunters_and_gatherers,2002
512,264241,mandala,2019
513,28023,jamaica,2007
514,73171,earth_reborn,2010
515,503,through_desert,1998
516,143519,quantum,2013
517,119432,snowdonia,2012
518,174785,mare_nostrum_empires,2016
519,117959,las_vegas,2012
520,1513,republic_rome,1990
521,150145,skull_king,2013
522,131357,coup,2012
523,170561,valeria_card_kingdoms,2016
524,30869,thebes,2007
525,209778,magic_maze,2017
526,163166,one_night_ultimate_werewolf_daybreak,2015
527,121408,trains,2012
528,252328,star_wars_x_wing_second_edition,2018
529,150997,shadows_brimstone_swamps_death,2014
530,293141,king_tokyo_dark_edition,2020
531,24508,taluva,2006
532,216734,dice_throne_season_one,2018
533,175095,dawn_zeds_third_edition,2016
534,262211,cloudspire,2019
535,58281,summoner_wars,2009
536,130960,triumph_tragedy_european_balance_power_1936_1945,2015
537,180511,shakespeare,2015
538,135219,battle_five_armies,2014
539,10547,betrayal_house_hill,2004
540,37904,formula_d,2008
541,224710,zombicide_green_horde,2018
542,111799,cuba_libre,2013
543,50750,belfort,2011
544,1353,times,1999
545,270673,silver_gold,2019
546,198953,pax_renaissance,2016
547,121288,dixit_journey,2012
548,116998,thunderstone_advance_towers_ruin,2012
549,256952,zombie_kidz_evolution,2018
550,193949,star_trek_ascendancy,2016
551,3201,lord_rings_confrontation,2002
552,134726,smash_awesome_level_9000,2013
553,70512,luna,2010
554,21763,mr_jack,2006
555,220,high_society,1995
556,126792,myrmes,2012
557,46,medici,1995
558,173064,leaving_earth,2015
559,65532,defenders_realm,2010
560,30380,cuba,2007
561,5782,coloretto,2003
562,88,torres,1999
563,107529,kingdom_builder,2011
564,13004,downfall_pompeii,2004
565,155624,specter_ops,2015
566,160495,zhanguo,2014
567,181521,warhammer_quest_adventure_card_game,2015
568,113294,escape_curse_temple,2012
569,20963,fury_dracula_second_edition,2005
570,203416,exit_game_pharaohs_tomb,2016
571,265402,hall_mountain_king,2019
572,100423,elder_sign,2011
573,171499,cacao,2015
574,123540,tokaido,2012
575,3307,wallenstein,2002
576,162007,steampunk_rally,2015
577,258036,between_two_castles_mad_king_ludwig,2018
578,269511,cooper_island,2019
579,213893,yamatai,2017
580,227224,red_cathedral,2020
581,15364,vegas_showdown,2005
582,284435,nova_luna,2019
583,154825,arkwright,2014
584,264055,draftosaurus,2019
585,146278,tash_kalar_arena_legends,2013
586,9823,advanced_squad_leader_starter_kit_1,2004
587,72321,networks,2016
588,699,heroquest,1989
589,193558,oracle_delphi,2016
590,242574,century_eastern_wonders,2018
591,143741,bang_dice_game,2013
592,68425,eminent_domain,2011
593,168584,love_letter_batman,2015
594,586,front,1983
595,285192,destinies,2021
596,170624,crusaders_thy_will_be_done,2018
597,73761,k2,2010
598,163839,feudum,2017
599,232219,dragon_castle,2017
600,432,6_nimmt,1994
601,173442,empires_age_discovery,2015
602,156336,onirim_second_edition,2014
603,36235,duke,2013
604,29603,d_day_omaha_beach,2009
605,2163,space_hulk,1989
606,179803,arcadia_quest_inferno,2017
607,2955,mexica,2002
608,153016,telestrations_12_player_party_pack,2011
609,22345,yspahan,2006
610,55600,shipyard,2009
611,31563,middle_earth_quest,2009
612,167400,ashes_reborn_rise_phoenixborn,2015
613,165401,wir_sind_das_volk,2014
614,226320,my_little_scythe,2017
615,192457,cry_havoc,2016
616,7717,carcassonne_castle,2003
617,168435,between_two_cities,2015
618,87890,pret_porter,2010
619,137988,zombicide_season_2_prison_outbreak,2013
620,69789,ascension_deckbuilding_game,2010
621,266121,unlock_heroic_adventures,2018
622,132018,churchill,2015
623,143515,coal_baron,2013
624,241724,villagers,2019
625,244228,reef,2018
626,79127,star_trek_fleet_captains,2011
627,43528,world_without_end,2009
628,247367,air_land_sea,2018
629,71721,space_hulk_death_angel_card_game,2010
630,26997,1989_dawn_freedom,2012
631,214880,city_big_shoulders,2019
632,201825,ex_libris,2017
633,483,diplomacy,1959
634,156943,saint_petersburg_second_edition,2014
635,158889,summoner_wars_alliances_master_set,2014
636,2398,cribbage,1630
637,220520,caverna_cave_vs_cave,2017
638,256382,disney_villainous,2018
639,47185,warhammer_invasion,2009
640,242639,treasure_island,2018
641,200147,kanagawa,2016
642,183840,oh_my_goods,2015
643,233247,civilization_new_dawn,2017
644,270970,century_new_world,2019
645,20100,wits_wagers,2005
646,110277,among_stars,2012
647,231581,auztralia,2018
648,162286,super_motherload,2015
649,160499,king_new_york,2014
650,38996,washingtons_war,2010
651,169654,deep_sea_adventure,2014
652,249381,estates,2018
653,203417,exit_game_secret_lab,2016
654,170416,vast_crystal_caverns,2016
655,131287,panamax,2014
656,21882,blue_moon_city,2006
657,190082,whitehall_mystery,2017
658,91872,dungeons_dragons_legend_drizzt_board_game,2011
659,135779,fake_artist_goes_new_york,2012
660,169427,middara_unintentional_malum_act_1,2019
661,24800,conflict_heroes_awakening_bear_russia_1941_42,2008
662,41002,vasco_da_gama,2009
663,18098,napoleons_triumph,2007
664,1035,squad_leader,1977
665,244992,mind,2018
666,2453,blokus,2000
667,30957,tribune_primus_inter_pares,2007
668,296912,fort,2020
669,40628,finca,2009
670,177590,13_days_cuban_missile_crisis,2016
671,148575,marvel_dice_masters_avengers_vs_x_men,2014
672,117915,yedo,2012
673,171273,fuse,2015
674,163602,xcom_board_game,2015
675,156566,lords_xidit,2014
676,12002,jambo,2004
677,179275,one_deck_dungeon,2016
678,181687,pursuit_happiness,2015
679,244115,shards_infinity,2018
680,230244,black_angel,2019
681,224597,warhammer_underworlds_shadespire,2017
682,28181,combat_commander_pacific,2008
683,277085,love_letter,2019
684,166384,spyfall,2014
685,113997,tajemnicze_domostwo,2013
686,12962,reef_encounter,2004
687,528,zertz,1999
688,255692,new_frontiers,2018
689,191051,outlive,2017
690,145659,scoville,2014
691,204516,878_vikings_invasions_england,2017
692,158435,dogs_war,2014
693,161417,red7,2014
694,103886,star_wars_card_game,2012
695,35570,tinners_trail,2008
696,214887,co_second_chance,2018
697,137269,spyrium,2013
698,197443,fugitive,2017
699,12891,friedrich,2004
700,94,union_pacific,1999
701,139898,brew_crafters,2013
702,194879,not_alone,2016
703,245961,fleet_dice_game,2018
704,45,perudo,1800
705,198830,heroes_land_air_sea,2018
706,51,ricochet_robots,1999
707,12902,carcassonne_city,2004
708,119788,hyperborea,2014
709,41066,virgin_queen,2012
710,290236,canvas,2021
711,82421,summoner_wars_phoenix_elves_vs_tundra_orcs,2009
712,291572,oath_chronicles_empire_and_exile,2021
713,251678,railroad_ink_blazing_red_edition,2018
714,132028,conflict_heroes_awakening_bear_operation_barbaross,2012
715,155362,cah_n_guns_second_edition,2014
716,218333,rhino_hero_super_battle,2017
717,156689,legendary_marvel_deck_building_game_villains,2014
718,271518,disney_villainous_wicked_core,2019
719,53953,thunderstone,2009
720,175117,celestia,2015
721,303057,pan_am,2020
722,319966,king_dead_second_edition,2020
723,1041,san_marco,2001
724,248490,atlantis_rising_second_edition,2019
725,82420,summoner_wars_guild_dwarves_vs_cave_goblins,2009
726,217780,gentes,2017
727,26566,homesteaders,2009
728,280480,crystal_palace,2019
729,154458,akrotiri,2014
730,8125,santiago,2003
731,29368,last_night_earth_zombie_game,2007
732,234671,pandemic_rising_tide,2017
733,239942,black_rose_wars,2019
734,179172,unfair,2017
735,281442,trismegistus_ultimate_formula,2019
736,256570,crown_emara,2018
737,252153,tang_garden,2020
738,122298,morels,2012
739,11825,empire_sun,2005
740,2181,bridge,1925
741,1345,genoa,2001
742,26990,container,2007
743,129948,palaces_carrara,2012
744,15512,diamant,2005
745,177678,signorie,2015
746,16747,tumblin_dice,2004
747,151004,smash_science_fiction_double_feature,2014
748,9440,maharaja_game_palace_building_india,2004
749,223953,kitchen_rush,2017
750,91514,rhino_hero,2011
751,202670,ticket_ride_rails_sails,2016
752,65244,forbidden_island,2010
753,301880,raiders_scythia,2020
754,195137,catacombs_third_edition,2015
755,41,cant_stop,1980
756,37380,roll_through_ages_bronze_age,2008
757,148319,tragedy_looper,2011
758,65901,age_industry,2010
759,176165,dale_merchants,2015
760,30645,tammany_hall,2007
761,98229,pictomania,2011
762,13642,louis_xiv,2005
763,98351,core_worlds,2011
764,27976,heroscape_master_set_swarm_marro,2007
765,195560,wasteland_express_delivery_service,2017
766,206480,imperial_struggle,2020
767,66356,dungeons_dragons_wrath_ashardalon_board_game,2011
768,108784,ascension_storm_souls,2011
769,108906,thunder_alley,2014
770,491,web_power,2000
771,191977,castles_burgundy_card_game,2016
772,106217,hawaii,2011
773,172047,others,2016
774,240,britannia,1986
775,274638,unmatched_robin_hood_vs_bigfoot,2019
776,239464,palm_island,2018
777,207243,city_kings,2018
778,160851,lanterns_harvest_festival,2015
779,202408,adrenaline,2016
780,1465,wizard,1984
781,552,bus,1999
782,258210,blitzkrieg_world_war_two_20_minutes,2019
783,298069,cubitos,2021
784,201921,tiny_epic_quest,2017
785,180593,bloody_inn,2015
786,52461,legacy_testament_duke_de_crecy,2013
787,904,dream_factory,2000
788,8051,attika,2003
789,234477,battle_rokugan,2017
790,227460,hannibal_hamilcar,2018
791,131260,qwixx,2012
792,216459,lost_expedition,2017
793,216600,fantastic_factories,2019
794,169124,flick_em,2015
795,147151,concept,2013
796,266830,qe,2019
797,207830,5_minute_dungeon,2017
798,2093,mahjong,1850
799,27588,zooloretto,2007
800,284760,disney_villainous_evil_comes_prepared,2019
801,59946,dungeons_dragons_castle_ravenloft_board_game,2010
802,244608,menara,2018
803,38054,snow_tails,2008
804,204472,sub_terra,2017
805,220517,shipwreck_arcana,2017
806,218479,cerebria_inside_world,2018
807,203427,fabled_fruit,2016
808,218121,dice_hospital,2018
809,272738,jaws,2019
810,95064,ascension_return_fallen,2011
811,125678,dc_comics_deck_building_game,2012
812,171669,discoveries_journals_lewis_clark,2015
813,69779,polis_fight_hegemony,2012
814,158275,marvel_dice_masters_uncanny_x_men,2014
815,554,la_citta,2000
816,174570,legendary_encounters_predator_deck_building_game,2015
817,193214,meeple_circus,2017
818,19600,antike,2005
819,214029,spacecorp_2025_2300ad,2018
820,219215,werewords,2017
821,180680,automobiles,2016
822,154086,gold_west,2015
823,939,star_wars_queens_gambit,2000
824,56692,parade,2007
825,212402,grimm_forest,2018
826,161866,zombicide_season_3_rue_morgue,2015
827,244114,yellow_yangtze,2018
828,283863,magnificent,2019
829,66505,speicherstadt,2010
830,165838,space_hulk_fourth_edition,2014
831,25669,qwirkle,2006
832,224,history_world,1991
833,131646,merchant_venus_second_edition,2012
834,72225,co,2012
835,72287,mr_jack_pocket,2010
836,178336,worlds_fair_1893,2016
837,200077,mint_works,2017
838,207691,railroad_revolution,2016
839,238992,call_adventure,2019
840,168917,smash_pretty_pretty_smash,2015
841,182340,star_trek_frontiers,2016
842,197405,tak,2017
843,85897,thunderstone_dragonspire,2011
844,150999,valley_kings,2014
845,204027,cottage_garden,2016
846,15817,manila,2005
847,275467,letter_jam,2019
848,242804,low_lands,2018
849,156776,warhammer_40000_conquest,2014
850,198740,lovecraft_letter,2017
851,104710,wiz_war_eighth_edition,2012
852,245643,luxor,2018
853,235488,istanbul_dice_game,2017
854,89409,battlecon_war_indines,2010
855,104363,rex_final_days_empire,2012
856,230080,majesty_realm,2017
857,157403,black_fleet,2014
858,160018,smash_monster_smash,2014
859,66056,rivals_catan,2010
860,244331,blue_lagoon,2018
861,210296,dinogenics,2019
862,112,condottiere,1995
863,284742,honey_buzz,2020
864,185589,islebound,2016
865,200954,fields_green,2016
866,222514,batman_gotham_city_chronicles,2019
867,141517,study_emerald,2013
868,1301,netrunner,1996
869,248065,zombicide_invader,2019
870,157809,nations_dice_game,2014
871,75449,firenze,2010
872,1382,winners_circle,2001
873,22825,tide_iron,2007
874,45986,stronghold,2009
875,171233,big_book_madness,2015
876,283864,trails_tucana,2019
877,60,vinci,1999
878,198454,when_i_dream,2016
879,1822,wilderness_war,2001
880,253284,ticket_ride_new_york,2018
881,136991,loony_quest,2015
882,279613,unlock_timeless_adventures,2019
883,8203,hey_s_my_fish,2003
884,127518,distant_plain,2013
885,199966,kingsburg_second_edition,2017
886,196526,coffee_roaster,2015
887,217449,nmbr_9,2017
888,283393,aquatica,2019
889,130176,tales_games_hare_tortoise,2011
890,6830,zendo,2001
891,191231,nebula,2016
892,97903,terror_meeple_city,2013
893,55427,mr_jack_new_york,2009
894,229892,container_10th_anniversary_jumbo_edition,2018
895,25568,metropolys,2008
896,163154,falling_sky_gallic_revolt_against_caesar,2016
897,177524,icecool,2016
898,218509,empires_void_ii,2018
899,40793,dice_town,2009
900,227515,riverboat,2017
901,254386,raccoon_tycoon,2018
902,316377,7_wonders_second_edition,2020
903,35052,axis_allies_anniversary_edition,2008
904,306040,merv_heart_silk_road,2020
905,195314,herbaceous,2017
906,164949,time_crisis_roman_empire_turmoil_235_284_ad,2017
907,823,lord_rings,2000
908,135382,shadowrun_crossfire,2014
909,244654,wildlands,2018
910,67492,battles_westeros,2010
911,35497,fauna,2008
912,122522,smash,2012
913,18100,china,2005
914,551,battle_cry,1999
915,197070,massive_darkness,2017
916,217861,paper_tales,2017
917,23540,1889_history_shikoku_railways,2004
918,221,ikusa,1986
919,153065,linko,2014
920,159473,quartermaster_general,2014
921,91536,quarriors,2011
922,21523,runebound_second_edition,2005
923,228504,cat_lady,2017
924,194880,dream_home,2016
925,285984,last_bastion,2019
926,152162,diamonds_second_edition,2014
927,164265,witness,2014
928,142326,eight_minute_empire_legends,2013
929,1608,ambush,1983
930,71671,yggdrasil,2011
931,1634,warhammer_quest,1995
932,229265,wendake,2017
933,134352,two_rooms_and_boom,2013
934,218074,detective_city_angels,2019
935,94246,1812_invasion_canada,2012
936,68264,no_retreat_russian_front,2011
937,328871,terraforming_mars_ares_expedition,2021
938,5737,domaine,2003
939,182694,watson_holmes,2015
940,207336,honshu,2016
941,184151,legend_five_rings_card_game,2017
942,156091,sons_anarchy_men_mayhem,2014
943,8045,princes_renaissance,2003
944,183571,deep_space_d_6,2015
945,223750,hardback,2018
946,137649,level_7_omega_protocol,2013
947,264052,circadians_first_light,2019
948,17329,animal_upon_animal,2005
949,216092,unlock_escape_adventures_squeek_sausage,2017
950,175324,fog_love,2017
951,95103,fortune_and_glory_cliffhanger_game,2011
952,145639,coconuts,2013
953,176544,automania,2015
954,161882,irish_gauge,2014
955,146312,ghost_fightin_treasure_hunters,2013
956,124,primordial_soup,1997
957,27364,caylus_magna_carta,2007
958,221318,whistle_stop,2017
959,24068,shadow_hunters,2005
960,16992,tsuro,2004
961,290359,undaunted_north_africa,2020
962,183880,risk_star_wars_edition,2015
963,833,people,1998
964,121410,steam_park,2013
965,187377,vikings_gone_wild,2017
966,191300,archaeology_new_expedition,2016
967,44163,power_grid_factory_manager,2009
968,17396,manoeuvre,2008
969,175199,mottainai,2015
970,242684,reavers_midgard,2019
971,327,loopin_louie,1992
972,329465,red_rising,2021
973,37836,julius_caesar_caesar_pompey_and_roman_civil_war,2010
974,247236,duelosaur_island,2018
975,34084,witchs_brew,2008
976,104020,vanuatu,2011
977,37628,haggis,2010
978,151007,pathfinder_adventure_card_game_skull_shackles_base,2014
979,300877,new_york_zoo,2020
980,681,quarto,1991
981,272739,clinic_deluxe_edition,2020
982,208024,reckoners,2018
983,300300,chronicles_crime_1400,2020
984,163642,chimera_station,2017
985,195162,plague_inc_board_game,2017
986,91080,andean_abyss,2012
987,256999,project_elite,2020
988,176371,explorers_north_sea,2016
989,284818,caylus_1303,2019
990,230933,merlin,2017
991,154246,la_isla,2014
992,140933,blueprints,2013
993,8989,hansa,2004
994,278,catan_card_game,1996
995,181796,prodigals_club,2015
996,121297,fleet,2012
997,234669,legacy_dragonholt,2017
998,50768,ninjato,2011
999,244049,forum_trajanum,2018
